"ID","PopularFoodDislike","DressColor","Floaters","Animal","ChocolateOrVanilla","RightLeftHanded","RotaryPhone","ThermostatTemperature","NumberFrom1to100","MovieStar","CanRollTongue","CellPhoneType","FavoriteNumberFrom1to5","FavoriteTeam","GrossedOutByFoodAnswer","ThrowingOutSocks","OddEvenSection","SectionDay","Activity_Basketball","Activity_Ski","Activity_HorseRiding","Activity_StickShift","Activity_Rubiks","Activity_Unicycle","Activity_Stilts","Activity_Juggle","Activity_IceSkate","Tried_Snails","Tried_FrogLegs","Tried_Natto","Tried_Aligator","Tried_Durian","Tried_ThousandYearOldEgg","Dislike_Coffee","Dislike_Yogurt","Dislike_Cilantro","Dislike_Tomatoes","Dislike_CarbonatedDrinks","Dislike_Eggs","Dislike_ChocolateIceCream","Follow_Football","Follow_Soccer","Follow_Basketball","Follow_Baseball","Follow_Cricket"
"1687","Eggplant","Blue and black","Yes, occasionally","Pig","Chocolate","Right-handed","Not 100% sure","Cooler","52","Jennifer Aniston","Yes","iPhone","1","","Yes, most of them","No, but I'm totally doing that now","Odd","Tuesday","0","0","0","0","0","0","0","0","1","0","0","0","0","1","0","0","0","0","1","0","0","0","1","0","0","0","0"
"4766","Steak","Blue and black","I'm not sure what things you mean","Zebra","Vanilla","Right-handed","Not 100% sure","Cooler","78","Tom Hanks","No","iPhone","5","Soccer","No","I did the throwing out thing, but didn't talk to everyone about it","Odd","Thursday","0","0","0","1","0","0","0","0","1","0","0","0","0","0","0","0","0","0","1","0","0","0","0","0","0","0","0"
"9599","Sweet Potatoes","White and gold","Yes, occasionally","Tiger","Chocolate","Ambidextrous","Yes, I believe so","Cooler","28","Denzel Washington","Yes","iPhone","5","Seleccion Nacional De Mexico","No","No","Odd","Tuesday","0","0","0","0","1","0","0","0","0","0","0","0","0","0","0","0","0","0","0","0","0","0","1","1","1","0","0"
"6909","pickles","I don't remember","Yes, occasionally","panda","Chocolate","mostly right-handed, but left-handed with very specific things","Yes, I believe so","Warmer","24","Gong Yoo","No","","4","","No","No","Odd","Thursday","0","1","0","0","1","0","0","0","1","0","0","0","0","0","0","0","0","1","1","0","0","0","0","1","0","0","0"
"7095","Sushi","Blue and black","No","cat","Vanilla","Right-handed","A what?","Cooler","50","Robert Downey Jr.","Yes","Android","2","","No","No","Even","Tuesday","0","0","0","0","1","0","0","0","1","0","0","0","1","0","0","0","0","0","1","0","1","0","0","0","0","0","0"
"6095","Chocolate","White and gold","I'm not sure what things you mean","Frog","Vanilla","Right-handed","Not 100% sure","Cooler","26","Chris Pratt","Yes","iPhone","4","","Yes, most of them","No","Odd","Tuesday","0","0","0","0","0","0","0","0","0","0","0","0","0","0","0","0","0","0","0","0","1","1","0","0","0","0","0"
"4907","Lobster","Blue and black","Yes, occasionally","Dog","Vanilla","Right-handed","Yes, I believe so","Warmer","99","Leo Dicaprio","Yes","iPhone","5","Green Bay Packers","Yes, most of them","No","Odd","Tuesday","0","0","0","0","0","0","0","0","0","0","0","0","0","0","0","0","0","0","0","0","0","0","1","0","1","0","1"
"6161","Hot dogs ","White and gold","No","Bison","Chocolate","Right-handed","Yes, and I have","Cooler","42","John Wayne","Yes","iPhone","4","Dallas Cowboys","Yes, one or two","No, but I'm totally doing that now","Even","Tuesday","0","1","0","1","0","0","0","1","1","0","1","0","1","1","0","0","0","0","0","0","0","0","1","1","1","0","0"
"3919","meatballs","Blue and black","Yes, occasionally","Dog","Vanilla","Right-handed","Not 100% sure","Cooler","57","Tom Cruise","Yes","iPhone","2","Seahawks","Yes, one or two","No","Odd","Thursday","0","1","0","1","0","0","0","0","1","0","0","0","0","0","0","0","0","1","0","0","0","0","1","0","1","0","0"
"7469","steak","Blue and black","Yes, occasionally","cow","Vanilla","Right-handed","Not 100% sure","Warmer","88","Daniel Craig","No","iPhone","5","","Yes, most of them","No, but I'm totally doing that now","Even","Thursday","0","0","0","1","0","0","0","0","0","0","0","0","0","0","1","0","1","0","1","0","1","0","0","1","0","0","1"
"3708","Tacos","I don't remember","Yes, occasionally","Tiger","Chocolate","Ambidextrous","Yes, I believe so","Warmer","76","Johnny Sins","No","iPhone","2","FC Barcelona","No","No","Even","Thursday","0","1","0","1","0","0","0","0","1","0","0","0","0","0","0","0","0","0","0","0","0","0","0","1","0","0","0"
"1489","Pasta","What dress?","I'm not sure what things you mean","Dog","Chocolate","Right-handed","Yes, I believe so","Warmer","10","Robert Downey Jr.","No","iPhone","5","US Women's soccer team, Argentina Men's National Soccer Team","Yes, most of them","No","Odd","Tuesday","0","0","0","0","0","0","0","0","1","0","0","0","0","0","0","0","0","0","0","0","0","0","0","1","0","0","1"
"4954","Pasta","What dress?","Yes, occasionally","Lion","Chocolate","Right-handed","A what?","Cooler","90","Brad Pitt","Yes","iPhone","3","Real Madrid","Yes, most of them","No","Odd","Thursday","0","0","0","0","0","0","1","0","0","0","0","0","0","0","0","0","0","1","0","0","0","0","0","1","0","0","1"
"7506","cake","Blue and black","Yes, occasionally","Dog","Vanilla","Right-handed","Yes, I believe so","Cooler","9","Robert Downey Jr.","Yes","Android","3","The Eagles","Yes, one or two","I did the throwing out thing, but didn't talk to everyone about it","Odd","Tuesday","0","0","0","0","1","0","0","1","0","1","0","0","0","0","0","0","0","0","0","0","0","0","1","1","0","0","0"
"6608","coriander","Blue and black","Yes, occasionally","dog","Vanilla","Right-handed","A what?","Warmer","72","Dwayne Johnson","Yes","iPhone","1","","No","No","Even","Thursday","0","1","0","0","0","0","0","0","0","0","0","0","0","0","1","0","0","1","0","1","0","1","0","0","1","0","0"
"6561","Grapes","White and gold","Yes, occasionally","Tiger","Vanilla","Right-handed","Yes, I believe so","Warmer","27","Emma Watson","Yes","iPhone","3","","Yes, one or two","No","Odd","Thursday","0","0","0","0","0","0","0","0","0","0","0","0","0","0","0","0","0","0","0","0","0","1","0","0","0","0","0"
"9832","hamburgers","What dress?","Yes, occasionally","Dog","Chocolate","Right-handed","Yes, I believe so","Warmer","99","Brad Pitt","Yes","Android","1","India, Golden State Warriors, LA Lakers","Yes, one or two","I did the throwing out thing, but didn't talk to everyone about it","Odd","Thursday","1","1","0","0","1","0","0","0","0","0","0","0","0","0","0","0","0","0","0","1","0","0","0","0","1","0","1"
"4052","Sushi","I don't remember","Yes, occasionally","Lion","Chocolate","Right-handed","Not 100% sure","Cooler","11","Adam Sandler","No","iPhone","4","New York Mets","Yes, most of them","I did the throwing out thing, but didn't talk to everyone about it","Odd","Thursday","0","0","0","0","0","0","0","0","0","0","0","0","0","0","0","0","0","0","0","0","0","0","1","1","1","1","0"
"8758","none","Blue and black","Yes, occasionally","cat","Chocolate","Right-handed","Not 100% sure","Warmer","43","brad pitt","Yes","iPhone","5","Laker","No","I did the throwing out thing, but didn't talk to everyone about it","Even","Thursday","1","0","1","0","1","0","0","0","0","0","1","0","0","1","0","0","0","0","0","0","0","0","0","0","1","0","0"
"2556","Blue Cheese","Blue and black","I'm not sure what things you mean","Duck","Chocolate","Right-handed","Yes, and I have","Cooler","8","Brad Pitt","Yes","iPhone","4","Thunder","Yes, one or two","No","Even","Tuesday","0","0","0","1","0","0","0","0","0","0","0","0","1","0","0","0","0","1","0","1","0","0","1","0","1","1","0"
"3492","CheezWiz Hotdog in a Twinkie ","Blue and black","Yes, occasionally","19-Legged Spider Monkey that which can Spit Magma and Cast Lightning Spells","Chocolate","Right-handed","Yes, and I have","Warmer","100","Christian Bale","Yes","Android","1","","Yes, one or two","No, but I'm totally doing that now","Odd","Tuesday","0","1","0","0","0","0","0","0","0","1","1","0","1","1","0","0","0","0","0","0","0","0","0","0","0","0","0"
"754","hot dogs","Blue and black","Yes, occasionally","giraffe","Chocolate","Right-handed","Not 100% sure","Cooler","32","Brad Pitt","No","iPhone","5","","Yes, one or two","No","Odd","Thursday","0","0","1","0","0","0","1","0","0","0","1","0","0","0","0","0","0","0","0","0","0","0","0","0","0","1","0"
"6683","Pizza","Blue and black","I'm not sure what things you mean","Elephant","Chocolate","Right-handed","Yes, I believe so","Cooler","54","Margot Robbie","Yes","iPhone","4","","Yes, one or two","No","Even","Tuesday","0","0","0","0","0","0","0","0","0","0","0","0","1","0","0","0","0","0","1","0","1","0","1","1","0","0","0"
"7812","Reese’s cups","Blue and black","Yes, occasionally","Dog","Chocolate","Left-handed","Yes, and I have","Cooler","5","Brad Pitt","Yes","iPhone","5","Philadelphia Eagles","No","No","Even","Thursday","1","1","1","1","0","0","0","1","1","1","0","0","1","0","0","0","0","0","0","0","0","0","1","1","1","1","0"
"1857","Pizza","White and gold","I'm not sure what things you mean","Panda","Chocolate","Right-handed","Yes, I believe so","Cooler","4","Dakota Johnson","Yes","Android","4","Chicago Cubs","No","No","Odd","Tuesday","0","0","0","0","0","0","0","0","0","0","0","0","0","0","0","1","1","0","0","1","0","0","1","1","1","1","0"
"6764","Boba Tea","Blue and black","I'm not sure what things you mean","Elephant","Chocolate","Right-handed","Not 100% sure","Cooler","29","Chris Pratt","No","iPhone","5","Atlanta Hawks","No","No","Odd","Thursday","0","0","0","0","0","0","0","0","1","0","0","0","0","0","0","0","0","0","0","1","0","0","0","0","1","0","0"
"824","Fish and other seafood in general","A color combination not listed here","Yes, occasionally","dog","Vanilla","Right-handed","Not 100% sure","Cooler","7","Chris Hemsworth","No","iPhone","5","","Yes, most of them","No","Even","Thursday","0","1","0","0","0","0","0","0","0","0","0","0","0","1","0","0","0","0","0","0","0","0","0","0","0","0","0"
"9732","eggs","Blue and black","Yes, constantly","rat","Chocolate","Left-handed","Yes, I believe so","Cooler","33","Leonardo decaprio","Yes","iPhone","3","","Yes, one or two","No","Odd","Tuesday","0","0","0","0","0","0","0","0","1","0","0","0","0","0","0","0","0","0","1","0","1","0","0","0","0","0","0"
"2612","Raw Tomatoes","I don't remember","Yes, constantly","Tiger","Vanilla","Right-handed","Yes, I believe so","Warmer","83","Zendaya","Yes","","4","","No","I did the throwing out thing, but didn't talk to everyone about it","Odd","Tuesday","0","0","0","0","0","0","0","0","0","1","0","0","0","0","0","0","0","0","0","0","0","0","0","0","0","0","0"
"1794","Chocolate","White and gold","I'm not sure what things you mean","Tiger","Vanilla","Ambidextrous","Yes, and I have","Cooler","51","Steve Harvey","Yes","iPhone","4","","Yes, one or two","No","Odd","Tuesday","0","0","0","1","0","0","0","0","0","0","1","0","0","0","0","1","0","0","0","0","0","0","1","1","1","1","0"
"3447","Yogurt","White and gold","Yes, constantly","Horse","Chocolate","Right-handed","Yes, and I have","Warmer","4","Margot Robbie","What?","Other smartphone","4","","No","No",NA,NA,"1","1","1","0","1","0","0","0","0","0","0","0","0","0","0","0","1","0","0","0","0","0","0","1","0","0","0"
"1405","Pizza","Blue and black","No","Dog","Chocolate","Ambidextrous","Not 100% sure","Cooler","50","Dwayne Johnson","Yes","iPhone","5","Inter Milan","Yes, one or two","No","Odd","Tuesday","0","0","0","0","0","0","0","0","0","1","0","0","0","0","0","1","0","0","0","0","0","0","0","1","0","0","0"
"6054","Pancakes","Blue and black","Yes, occasionally","Lion","Chocolate","Right-handed","Yes, and I have","Cooler","47","Jackie Chan","Yes","Android","1","","No","I did the throwing out thing, but didn't talk to everyone about it","Even","Thursday","0","0","1","1","1","0","0","0","1","0","0","0","0","1","0","0","0","0","0","0","0","0","0","1","0","0","1"
"2127","Pies","What dress?","I'm not sure what things you mean","Elephant","Chocolate","Right-handed","Not 100% sure","Cooler","50","Daniel Radcliffe","No","iPhone","3","","No","No","Even","Thursday","0","0","1","0","0","0","0","0","1","0","0","0","0","0","0","0","0","0","0","1","0","0","0","0","0","0","0"
"6870","Bacon","White and gold","Yes, occasionally","Dog","Vanilla","Right-handed","Not 100% sure","Cooler","11","Leonardo DiCaprio","No","iPhone","1","Arizona Cardinals","Yes, most of them","I did the throwing out thing, but didn't talk to everyone about it","Even","Tuesday","0","0","0","0","1","0","0","0","1","0","0","0","0","0","0","0","0","0","0","0","1","0","1","0","1","0","0"
"164","Pineapple pizza","Blue and black","Yes, occasionally","Turtle","Chocolate","Ambidextrous","Not 100% sure","Cooler","17","Jim Carrey ","Yes","iPhone","4","Trail Blazers ","Yes, one or two","I did the throwing out thing, but didn't talk to everyone about it","Even","Tuesday","0","1","1","0","0","0","0","1","1","0","1","0","1","0","1","0","0","1","0","0","0","0","0","0","1","0","0"
"9410","fish","White and gold","Yes, occasionally","Lion","Vanilla","Right-handed","Yes, and I have","Cooler","96","Scarlet Johansen","Yes","iPhone","4","Mets Nets Giants Rangers","Yes, one or two","I did the throwing out thing, but didn't talk to everyone about it","Odd","Thursday","0","1","0","0","0","0","0","0","1","0","0","0","0","0","0","0","0","0","0","0","0","0","1","0","1","1","0"
"9349","Dim sum","Blue and black","Yes, occasionally","Seals","Vanilla","Right-handed","Yes, I believe so","Warmer","42","Shia Labeouf","Yes","iPhone","4","","Yes, one or two","No","Odd","Thursday","0","0","0","0","0","0","0","0","0","0","0","0","0","0","1","0","0","0","1","0","0","0","0","0","0","0","0"
"5639","chips","White and gold","Yes, occasionally","elephant","Chocolate","Right-handed","Not 100% sure","Cooler","69","Toby Mcguire","Yes","iPhone","1","Knicks","No","No","Even","Thursday","0","1","0","1","0","0","0","0","1","1","0","0","1","1","1","0","0","1","0","0","0","0","0","0","1","0","0"
"7802","Bacon","White and gold","No","Koala Bear ","Vanilla","Right-handed","Not 100% sure","Cooler","57","Leonardo DiCaprio","Yes","iPhone","1","New York Giants","Yes, most of them","No","Even","Thursday","0","0","0","0","1","0","0","1","0","0","0","0","0","0","0","0","0","1","1","0","0","0","1","0","1","1","0"
"3961","Cheeseburger","Blue and black","I'm not sure what things you mean","Cat","Vanilla","Right-handed","Yes, I believe so","Warmer","22","Leo Decaprio","No","iPhone","2","Mets","Yes, one or two","No","Odd","Tuesday","0","0","1","0","0","0","0","0","0","1","0","0","1","0","0","0","1","0","0","0","0","0","0","0","0","1","0"
"3238","I do not like mac n cheese","White and gold","Yes, constantly","Dog","Vanilla","Ambidextrous","Not 100% sure","Cooler","21","Nicolas Cage ","Yes","iPhone","5","","Yes, one or two","Yes","Even","Thursday","0","1","0","1","0","0","0","0","0","0","1","0","0","0","0","0","0","0","0","0","0","0","1","0","0","0","0"
"9238","Pancakes","Blue and black","Yes, occasionally","Lion","Chocolate","Right-handed","Yes, and I have","Cooler","47","Jackie Chan","Yes","Android","1","","No","I did the throwing out thing, but didn't talk to everyone about it","Even","Thursday","0","0","1","1","1","0","0","0","1","0","0","0","0","1","0","0","0","0","0","0","0","0","0","1","0","0","1"
"2861","anything seafood","White and gold","Yes, occasionally","dolphin","Chocolate","Right-handed","Yes, I believe so","Warmer","33","Tom Holland","No","iPhone","3","New York Knicks","Yes, one or two","No","Even","Thursday","0","0","0","1","0","0","0","0","1","0","0","0","0","0","0","0","0","0","0","0","1","0","1","0","1","0","0"
"5502","Eggs","White and gold","Yes, constantly","Grizzly Bear","Chocolate","Right-handed","Yes, I believe so","Cooler","100.01","Leonardo DiCaprio","No","Android","3","Dallas Mavericks ","Yes, most of them","No","Even","Thursday","1","0","0","0","0","0","0","0","0","0","0","0","0","0","0","0","0","0","0","0","1","0","0","0","1","0","0"
"935","Eggs","Blue and black","Yes, occasionally","Tiger","Vanilla","Right-handed","Not 100% sure","Warmer","50","Robert Downey Jr","No","iPhone","4","Miami Heat","No","I did the throwing out thing, but didn't talk to everyone about it","Odd","Thursday","1","0","0","0","0","0","0","1","0","1","0","0","0","0","0","0","1","0","1","0","1","1","1","0","1","0","0"
"6894","sushi","Blue and black","Yes, constantly","dog","Chocolate","Right-handed","Yes, I believe so","Warmer","66","Jennifer Aniston","Yes","iPhone","2","n/a","Yes, most of them","No","Even","Tuesday","0","0","0","0","1","0","0","0","0","0","0","0","0","0","0","0","0","0","0","0","1","0","0","0","0","0","1"
"2169","Chicken nuggets","What dress?","Yes, occasionally","Elephant ","Vanilla","Right-handed","Yes, I believe so","Warmer","11","Rachel McAdams ","Yes","iPhone","2","","Yes, most of them","I did the throwing out thing, but didn't talk to everyone about it","Odd","Tuesday","0","1","1","0","0","0","0","1","1","0","0","0","0","0","0","0","0","0","1","1","0","0","1","0","1","0","0"
"4410","Noodles","What dress?","I'm not sure what things you mean","Lion","Chocolate","Right-handed","Yes, I believe so","Warmer","26","Tom Cruise","No","iPhone","1","","Yes, most of them","No","Even","Tuesday","1","0","0","1","0","0","0","0","1","0","0","0","0","1","0","1","1","1","0","0","1","0","0","0","0","0","1"
"5848","Candy corn","Blue and black","Yes, occasionally","Octopus","Vanilla","Left-handed","Yes, and I have","Cooler","8","Ewan McGregor","Yes","iPhone","2","Cleveland Cavaliers","No","I did the throwing out thing, but didn't talk to everyone about it","Even","Thursday","0","1","0","0","0","0","0","0","1","1","0","0","1","0","0","0","0","0","0","0","0","0","1","0","1","1","0"
"2113","bubble tea","What dress?","Yes, occasionally","Lion","Chocolate","Right-handed","Not 100% sure","Cooler","80","Robert","No","Android","1","","Yes, one or two","No",NA,NA,"0","0","0","0","0","0","0","0","1","0","0","0","0","0","0","0","0","1","1","0","0","0","0","1","0","0","1"
"4586","taco","A color combination not listed here","Yes, occasionally","cat","Chocolate","Right-handed","Not 100% sure","Cooler","42","Gary Cooper","No","iPhone","4","","Yes, one or two","I did the throwing out thing, but didn't talk to everyone about it","Even","Tuesday","0","1","0","0","0","0","0","0","1","0","0","0","0","0","0","0","0","1","0","0","0","0","0","0","1","0","0"
"5709","Avocado","White and gold","Yes, occasionally","Fish","Vanilla","Right-handed","Yes, I believe so","Cooler","37","Robert Downey Jr.","Yes","iPhone","2","C9","No","No","Odd","Tuesday","0","0","0","0","0","0","0","0","0","0","0","1","0","0","0","0","0","0","0","0","0","0","0","0","0","0","0"
"8249","Sushi","White and gold","I'm not sure what things you mean","Lion","Chocolate","Right-handed","Not 100% sure","Cooler","99","Will Smith","No","iPhone","2","Houston Rockets","Yes, most of them","No","Even","Tuesday","0","0","0","0","1","0","0","0","0","0","0","0","0","0","0","0","0","0","0","0","1","0","0","0","1","0","1"
"2621","Mayo","White and gold","Yes, occasionally","Panda","Chocolate","Right-handed","Not 100% sure","Cooler","72","Bryan Cranston","No","iPhone","3","Rutgers ","No","No","Odd","Thursday","0","1","0","0","0","0","0","0","1","0","0","0","0","0","0","0","1","0","1","0","0","0","0","0","0","1","0"
"6329","Anything with shrimp or spice","White and gold","I'm not sure what things you mean","Zebra","Chocolate","Right-handed","Not 100% sure","Cooler","23","Ben Affleck","Yes","iPhone","4","","Yes, most of them","No","Odd","Tuesday","0","0","0","0","0","0","0","0","0","0","0","0","0","0","0","0","0","0","1","0","0","0","0","0","0","0","0"
"1196","Oysters","Blue and black","Yes, occasionally","Cat","Vanilla","Right-handed","Not 100% sure","Cooler","7.27","Lebron James","Yes","Android","3","","No","No","Even","Thursday","1","1","0","0","0","0","0","0","0","1","1","1","0","1","1","0","0","0","1","0","0","0","0","0","1","0","0"
"9461","Pickles","I don't remember","I'm not sure what things you mean","Dog","Chocolate","Left-handed","Yes, and I have","Warmer","67","Chris Pratt","No","iPhone","4","Real Madrid","Yes, one or two","No","Odd","Tuesday","0","1","0","0","1","0","0","0","1","0","0","0","0","0","0","0","0","0","1","0","0","0","0","1","0","0","0"
"4942","Peanut Butter and Jelly","White and gold","Yes, constantly","Dolphin","Vanilla","Right-handed","Yes, I believe so","Warmer","79","Michael Cera","Yes","iPhone","5","","No","No","Even","Thursday","0","0","0","0","0","0","0","0","1","0","0","0","0","0","0","0","0","0","1","0","1","1","0","0","0","0","0"
"9390","Shwarma","White and gold","Yes, constantly","Llama","Chocolate","Left-handed","Yes, and I have","Warmer","7","Arnold Schwarzenneger ","Yes","iPhone","3","Manchester United","Yes, one or two","No, but I'm totally doing that now",NA,NA,"0","0","1","0","1","1","0","1","0","0","0","1","0","1","0","0","0","0","0","0","1","0","1","1","1","1","1"
"9036","Cake ","Blue and black","Yes, occasionally","Dog","Chocolate","Right-handed","Yes, I believe so","Warmer","14","Tom Hanks","Yes","iPhone","5","NY Yankees","Yes, most of them","Yes","Even","Tuesday","0","0","0","0","0","0","1","0","0","1","0","0","0","0","0","0","0","1","0","0","0","0","0","0","0","1","0"
"7025","Lobster","Blue and black","Yes, constantly","Bear","Chocolate","Right-handed","Yes, I believe so","Cooler","35","Hugh Jackman","Yes","Android","4","","Yes, most of them","No, but I'm totally doing that now","Odd","Thursday","0","0","0","0","0","0","0","0","0","0","0","0","0","0","0","0","0","0","0","0","0","0","0","0","0","0","0"
"6194","Sushi","Blue and black","No","Tiger","Chocolate","Right-handed","Yes, I believe so","Cooler","100","Tom Hanks","Yes","Android","5","New York Giants","Yes, one or two","No","Odd","Thursday","0","0","1","0","0","0","0","0","1","0","0","1","0","0","0","0","0","0","0","0","0","0","1","0","0","0","0"
"3063","Sushi","Blue and black","Yes, occasionally","dog","Vanilla","Right-handed","Yes, I believe so","Cooler","56","Henry Cavill","Yes","Android","5","","No","Yes","Odd","Tuesday","0","1","0","1","0","0","0","0","0","0","0","0","1","0","1","1","0","0","0","0","0","0","0","1","0","0","0"
"2597","raw sushi ","White and gold","Yes, occasionally","Leopard","Vanilla","","Yes, I believe so","Cooler","84","Keegan-Michael Key","No","Android","5","","Yes, one or two","No","Even","Thursday","0","0","0","0","0","0","0","0","0","0","0","0","0","0","1","0","0","1","0","0","0","0","0","0","0","0","0"
"405","Mac and Cheese","Blue and black","Yes, occasionally","Bear","Chocolate","Right-handed","Not 100% sure","Warmer","74","Zac Efron","Yes","iPhone","3","","Yes, one or two","No","Even","Thursday","0","0","0","0","1","0","0","0","0","0","0","0","0","0","0","0","0","0","1","0","1","0","0","0","0","0","0"
"8977","guacamole","I don't remember","I'm not sure what things you mean","lion","Chocolate","Ambidextrous","Yes, and I have","Cooler","50","Leonardo DiCaprio","Yes","Android","3","FC Barcelona","Yes, most of them","I did the throwing out thing, but didn't talk to everyone about it","Odd","Tuesday","0","0","0","0","1","0","0","1","0","0","0","0","0","0","0","1","0","0","1","0","0","0","0","1","0","0","0"
"9019","Sushi","What dress?","Yes, occasionally","Dog","Vanilla","Left-handed","Not 100% sure","Warmer","12","Charlie Day","Yes","iPhone","1","Miami Heat","Yes, most of them","No","Even","Tuesday","0","0","0","0","1","0","0","0","1","0","0","0","0","0","0","0","0","1","1","0","0","0","0","0","0","0","0"
"5385","Quesadilla","Blue and black","Yes, occasionally","Goat","Vanilla","Right-handed","Not 100% sure","Cooler","16","Michael B Jordan","Yes","iPhone","4","New York Giants","Yes, one or two","No","Even","Tuesday","0","0","0","0","0","0","1","1","0","0","0","0","1","0","0","0","0","0","1","0","0","0","1","0","1","0","0"
"1685","Pasta","Blue and black","Yes, occasionally","Giraffe","Chocolate","Right-handed","Not 100% sure","Cooler","78","Leonardo DiCaprio","Yes","iPhone","3","","Yes, most of them","No","Odd","Thursday","0","0","0","0","0","0","0","0","0","0","0","0","0","0","0","0","0","1","0","0","0","0","0","0","0","0","0"
"5482","Biryani","What dress?","I'm not sure what things you mean","Tiger","Vanilla","Right-handed","Yes, I believe so","Warmer","10","Daniel Craig","Yes","iPhone","2","","Yes, most of them","No","Even","Tuesday","0","0","0","1","0","0","0","0","0","0","0","0","0","1","0","0","1","0","0","0","1","0","0","1","0","0","1"
"6319","lasagna","White and gold","Yes, constantly","Lion","Vanilla","Right-handed","Yes, and I have","Cooler","91","Ryan Reynolds","Yes","iPhone","1","Liverpool","No","No","Even","Tuesday","0","0","1","1","1","0","0","0","1","0","0","0","0","0","0","0","0","0","0","0","0","0","1","1","1","1","1"
"5212","Mayo","Blue and black","No","Turtle","Vanilla","Right-handed","Not 100% sure","Cooler","100","Tracy Morgan","No","iPhone","3","Eagles and Nets","No","No","Even","Thursday","0","0","0","0","1","0","0","0","0","0","0","0","1","0","0","1","0","1","1","0","1","0","1","0","1","0","0"
"8766","tomatos","Blue and black","Yes, occasionally","turtle","Vanilla","Right-handed","Not 100% sure","Cooler","96","Hrithik Roshan","No","iPhone","4","","Yes, one or two","No, but I'm totally doing that now","Even","Tuesday","0","0","0","0","0","0","0","0","1","0","0","0","0","0","0","0","0","1","1","0","1","0","0","1","0","0","1"
"5947","Sushi","White and gold","Yes, occasionally","Panda","Chocolate","Right-handed","Yes, I believe so","Cooler","53","Tom Holland","Yes","iPhone","5","St. Louis Cardinals","Yes, most of them","No, but I'm totally doing that now","Odd","Thursday","0","1","0","0","1","0","0","0","0","0","0","0","0","0","0","0","0","1","1","0","1","0","1","1","1","1","0"
"231","hummus","Blue and black","Yes, occasionally","Dog","Chocolate","Right-handed","Yes, I believe so","Cooler","67","Mila Kunis","No","iPhone","2","Giants","No","No, but I'm totally doing that now","Odd","Thursday","1","0","0","0","1","0","0","0","0","0","0","0","0","0","0","0","0","0","1","0","0","0","1","0","1","0","0"
"7326","Seafood","I don't remember","No","Panda","Vanilla","Right-handed","Yes, I believe so","Cooler","5","Jennifer Aniston","Yes","Android","4","","No","No","Odd","Tuesday","0","0","1","0","0","0","0","0","0","0","0","0","1","0","0","0","0","0","0","0","0","0","0","0","0","0","0"
"680","PB&J","White and gold","Yes, occasionally","Panda","Chocolate","Right-handed","Not 100% sure","Warmer","75","Brad Pitt","Yes","iPhone","4","Arsenal","Yes, one or two","I did the throwing out thing, but didn't talk to everyone about it","Odd","Tuesday","0","0","0","0","0","0","1","0","0","0","0","0","0","0","0","0","0","0","1","1","0","0","1","1","1","0","0"
"839","I don't know","I don't remember","Yes, constantly","elephant","Vanilla","Right-handed","Yes, I believe so","Cooler","87","","No","Android","4","","No","No","Odd","Thursday","0","1","0","0","0","0","0","0","0","1","1","0","0","0","0","0","0","0","0","0","0","0","0","0","0","0","0"
"731","lasagna","White and gold","Yes, constantly","Lion","Vanilla","Right-handed","Yes, and I have","Cooler","91","Ryan Reynolds","Yes","iPhone","1","Liverpool","No","No","Even","Tuesday","0","0","1","1","1","0","0","0","1","0","0","0","0","0","0","0","0","0","0","0","0","0","1","1","1","1","1"
"7884","Sushi","Blue and black","Yes, occasionally","Tiger","Chocolate","Right-handed","Yes, I believe so","Cooler","7","Adam Sandler","No","iPhone","4","Bulls","Yes, most of them","No","Even","Tuesday","0","0","0","0","0","0","0","0","1","0","0","0","0","0","0","0","0","0","0","0","1","0","1","0","1","0","0"
"3170","Pizza ","White and gold","I'm not sure what things you mean","Zebra ","Chocolate","Right-handed","Not 100% sure","Cooler","99","Keanu Reeves","What?","iPhone","3","","No","No","Odd","Tuesday","0","1","0","0","0","0","0","1","1","0","0","0","0","0","0","0","0","0","0","0","0","0","0","0","0","0","0"
"248","Wasabi ","I don't remember","Yes, occasionally","Penguin","Vanilla","Right-handed","Yes, I believe so","Cooler","68","Jackie Chan","Yes","iPhone","1","","Yes, one or two","No, but I'm totally doing that now","Odd","Tuesday","0","0","0","0","0","0","0","1","1","0","0","0","0","1","0","0","0","0","0","0","0","0","0","0","0","0","0"
"8805","Clams","Blue and black","I'm not sure what things you mean","Salamander","Chocolate","Right-handed","Not 100% sure","Cooler","80","Nicolas Cage","Yes","iPhone","4","","Yes, one or two","I did the throwing out thing, but didn't talk to everyone about it","Even","Tuesday","0","0","0","0","0","0","0","0","0","0","0","0","0","0","0","0","0","0","0","0","0","0","0","0","0","0","0"
"8382","pineapple pizza","Blue and black","Yes, constantly","giraffe","Vanilla","Right-handed","Yes, I believe so","Cooler","19","Dwayne Johnson","Yes","iPhone","3","Yankees","Yes, one or two","No","Even","Thursday","0","0","0","0","0","0","0","0","0","0","0","0","0","0","0","0","0","0","0","0","0","0","1","0","1","1","0"
"5998","everything with buffalo","What dress?","I'm not sure what things you mean","monkey","Vanilla","Right-handed","A what?","Cooler","69","jackie chen","No","Android","5","","Yes, most of them","No, but I'm totally doing that now","Even","Thursday","0","0","0","0","0","0","0","1","0","0","0","0","0","1","0","1","0","0","0","0","0","0","0","1","0","0","0"
"2302","Pizza","Blue and black","Yes, occasionally","Cows","Vanilla","Right-handed","Not 100% sure","Cooler","31","Chris Hemsworth","Yes","iPhone","4","","No","No","Odd","Tuesday","0","0","0","0","0","1","0","0","1","0","1","0","0","0","1","0","0","1","0","0","0","0","0","1","0","0","0"
"2993","Pico de gallo","Blue and black","Yes, occasionally","Dolphin ","Vanilla","Right-handed","Not 100% sure","Cooler","78","Chris Evans","Yes","iPhone","4","Warriors","Yes, one or two","I did the throwing out thing, but didn't talk to everyone about it","Odd","Tuesday","0","1","0","0","0","0","0","0","1","0","0","0","0","1","0","0","0","0","1","0","0","0","1","0","1","0","0"
"6325","Cupcakes","Blue and black","I'm not sure what things you mean","Elephant","Vanilla","Right-handed","Yes, and I have","Warmer","93","Nicolas Cage","Yes","iPhone","5","New Jersey Devils","Yes, one or two","No","Odd","Tuesday","1","1","0","0","0","0","0","1","1","1","1","0","0","0","0","1","0","0","0","0","0","0","1","0","0","1","0"
"8683","Pickles","I don't remember","I'm not sure what things you mean","Dog","Chocolate","Right-handed","Yes, I believe so","Warmer","46","Robert Downey Jr","No","iPhone","4","","No","No","Odd","Tuesday","0","1","0","0","0","0","0","0","1","0","0","0","0","0","0","0","0","0","0","0","0","0","0","0","0","0","0"
"6339","mashed potatos","Blue and black","Yes, occasionally","bear","Vanilla","Right-handed","Yes, I believe so","Cooler","20","Shah Rukh Khan","Yes","iPhone","3","","Yes, most of them","Yes","Odd","Thursday","0","1","0","0","0","0","1","0","1","0","0","0","0","0","0","0","0","0","0","1","0","0","0","0","0","0","0"
"5825","Quesadilla ","Blue and black","Yes, occasionally","Penguin","Vanilla","Right-handed","Not 100% sure","Cooler","92","Leonardo Decaprio","No","iPhone","3","Redbull","No","I did the throwing out thing, but didn't talk to everyone about it","Odd","Tuesday","0","1","1","0","1","0","0","0","1","1","0","0","1","0","0","0","0","1","1","0","0","0","0","1","0","0","0"
"4614","strawberries","Blue and black","Yes, occasionally","cat","Vanilla","Right-handed","Yes, and I have","Warmer","29","Zendaya","Yes","Android","2","","Yes, one or two","Yes","Even","Tuesday","0","0","0","0","0","0","0","0","1","0","0","0","0","0","0","0","0","0","1","0","0","0","0","1","0","0","0"
"2941","Sea food. ","A color combination not listed here","I'm not sure what things you mean","Lion ","Chocolate","Right-handed","Not 100% sure","Warmer","24","Al Pacino","Yes","iPhone","5","India ","Yes, most of them","No","Even","Tuesday","0","1","0","0","0","1","1","1","1","0","0","0","0","0","0","0","0","0","1","0","0","0","0","0","0","0","1"
"1550","Hawaiian Pizza","Blue and black","Yes, occasionally","Dolphin","Chocolate","Right-handed","Yes, I believe so","Warmer","75","Scarlett Johansson","Yes","iPhone","3","","No","Yes","Odd","Thursday","0","0","0","0","0","0","0","1","0","0","0","0","0","1","0","0","0","0","1","0","0","0","0","0","0","0","1"
"5452","salad","Blue and black","I'm not sure what things you mean","Dragon","Vanilla","Right-handed","Not 100% sure","Cooler","100","Jeff Goldbloom","No","Android","3","","Yes, one or two","No","Odd","Tuesday","0","1","0","0","0","0","0","0","1","1","1","1","1","1","0","0","0","0","0","0","0","0","1","1","1","1","0"
"2497","Lasagna","White and gold","Yes, occasionally","Tiger","Chocolate","Right-handed","Yes, I believe so","Cooler","78","John Krasinski","Yes","Android","1","Golden State Warriors","Yes, most of them","No","Even","Tuesday","0","0","0","0","1","0","0","0","0","0","0","0","0","0","0","0","0","0","0","0","0","0","0","0","1","0","0"
"3829","Onion Rings","I don't remember","I'm not sure what things you mean","Dog","Vanilla","Left-handed","Yes, I believe so","Warmer","98","Samuel L. Jackson","Yes","iPhone","3","New York Jets","Yes, one or two","No","Even","Tuesday","0","1","0","0","1","0","1","0","1","1","1","0","1","0","0","0","0","0","1","0","0","0","1","0","0","0","0"
"7968","Cake","Blue and black","Yes, occasionally","Sheep","Vanilla","Right-handed","Not 100% sure","Cooler","20","Mads Mikkelsen","Yes","Android","5","","No","I did the throwing out thing, but didn't talk to everyone about it","Odd","Tuesday","0","0","0","0","1","0","0","0","0","1","1","1","0","1","1","0","0","0","1","0","0","0","0","0","0","0","0"
"1222","Macaroni and cheese","Blue and black","Yes, occasionally","Snake","Chocolate","Right-handed","Yes, I believe so","Cooler","13","Anne Hathaway","No","iPhone","3","NY Yankees","Yes, most of them","No, but I'm totally doing that now","Odd","Tuesday","0","0","0","0","0","0","0","0","0","1","0","0","0","0","0","0","0","0","0","0","0","0","0","0","0","1","0"
"999","burgers","I don't remember","I'm not sure what things you mean","cat","Vanilla","Right-handed","Yes, I believe so","Warmer","3","Saosire Ronan","Yes","Other smartphone","3","","Yes, most of them","No","Odd","Thursday","0","0","0","0","0","0","0","0","1","0","0","0","0","0","0","1","1","0","1","0","1","0","0","0","0","0","0"
"250","Cheese","Blue and black","Yes, constantly","Lion","Chocolate","Right-handed","Not 100% sure","Warmer","78","Morgan Freeman","Yes","iPhone","5","","Yes, most of them","No","Even","Thursday","0","0","0","0","0","0","0","0","1","0","0","1","0","0","0","0","1","0","0","0","1","0","0","1","0","0","0"
"206","Lobster","Blue and black","Yes, occasionally","Dog","Chocolate","Right-handed","Not 100% sure","Warmer","41","Brad Pitt","Yes","iPhone","4","Lakers","Yes, one or two","I did the throwing out thing, but didn't talk to everyone about it","Even","Tuesday","1","0","0","0","0","0","0","0","0","0","0","0","0","0","0","0","0","1","0","0","0","0","0","1","1","0","0"
"6515","Mac and Cheese","Blue and black","I'm not sure what things you mean","Frog","Vanilla","Right-handed","Yes, and I have","Cooler","1","Tony stark","No","iPhone","1","Wherever CR7 goes ","Yes, one or two","No","Even","Thursday","1","0","0","0","0","0","0","0","1","0","0","0","0","0","0","1","0","0","0","0","0","0","0","1","0","0","0"
"3657","Sushi","Blue and black","Yes, constantly","Penguin ","Chocolate","Right-handed","Yes, I believe so","Warmer","58","Tom Holland ","No","iPhone","4","Eagles","No","No","Even","Tuesday","0","0","0","0","0","0","0","0","0","0","0","0","0","0","0","1","1","0","0","0","0","0","0","0","0","0","0"
"928","French Fries dipped in a frosty. idk if that's popular here but it's definitely popular where I'm from.","White and gold","Yes, occasionally","Dog","Vanilla","Left-handed","A what?","Warmer","79","Ryan Reynolds","Yes","Android","4","","Yes, one or two","No","Odd","Thursday","0","0","0","0","0","0","0","0","0","0","0","0","0","0","0","0","0","0","1","0","0","0","0","0","0","0","0"
"8857","Sushi","Blue and black","No","Dog","Vanilla","Left-handed","Yes, I believe so","Cooler","25","Denzel Washington","Yes","Android","4","Lakers","Yes, most of them","No","Even","Tuesday","1","0","1","1","0","0","0","0","0","0","0","0","0","0","0","1","0","0","0","0","0","0","0","0","1","0","0"
"7453","Pizza","White and gold","I'm not sure what things you mean","cheetah","Chocolate","Left-handed","Yes, I believe so","Warmer","57","Adam Sandler","Yes","iPhone","5","Peoria Mustangs","Yes, most of them","No","Even","Thursday","0","0","1","0","0","0","0","0","1","0","0","0","0","0","0","0","1","1","1","0","0","0","1","0","0","0","0"
"3074","Sushi","White and gold","Yes, occasionally","Tiger","Vanilla","Right-handed","A what?","Cooler","23","Matthew Mcconaughey","Yes","iPhone","2","Boston Red Sox","Yes, most of them","No, but I'm totally doing that now","Odd","Tuesday","0","0","0","0","0","0","0","1","0","0","0","0","0","0","0","0","1","0","1","0","0","0","1","0","1","1","0"
"9370","Sushi","Blue and black","I'm not sure what things you mean","Elephant","Chocolate","Right-handed","Not 100% sure","Cooler","37","Brad Pitt","No","iPhone","4","Houston Rockets ","No","No","Even","Thursday","0","0","0","0","0","0","0","0","0","0","0","0","0","0","0","0","0","1","1","0","0","0","1","0","1","0","0"
"9092","None","White and gold","I'm not sure what things you mean","Panda","Vanilla","Right-handed","Not 100% sure","Cooler","5","Pedro Pascal","No","iPhone","5","Arsenal FC","No","No","Odd","Tuesday","0","0","0","0","0","0","0","0","0","0","0","0","0","1","1","0","0","0","0","0","0","0","1","1","1","0","0"
"6012","Hot dog","What dress?","Yes, occasionally","Dog","Chocolate","Right-handed","Yes, I believe so","Warmer","26","Dwayne Johnson","No","Android","4","India","Yes, most of them","No","Even","Tuesday","0","0","0","1","1","0","0","0","0","0","0","0","0","0","0","0","0","0","0","0","0","0","0","0","0","0","1"
"3124","burgers","White and gold","I'm not sure what things you mean","dog","Vanilla","Left-handed","Yes, I believe so","Warmer","13","tom cruise","Yes","iPhone","3","Miami dolphins","Yes, most of them","No","Odd","Tuesday","0","1","0","0","0","0","0","0","1","0","0","0","0","0","0","1","0","1","1","0","0","0","1","0","1","1","0"
"7709","mint chocolate","Blue and black","Yes, occasionally","panda","Vanilla","Right-handed","Yes, and I have","Warmer","29","Simu Liu","Yes","Android","3","T1","No","No","Odd","Tuesday","0","0","0","0","0","0","0","0","0","0","0","0","0","0","0","0","0","0","0","0","0","0","0","0","0","0","0"
"3626","Macaroni and Cheese","White and gold","Yes, occasionally","Cat","Vanilla","Right-handed","Yes, I believe so","Cooler","78","Tom Holland","Yes","iPhone","3","","Yes, one or two","No","Even","Thursday","0","0","0","0","0","0","0","0","1","0","0","0","0","1","0","0","0","1","1","0","0","0","0","0","0","0","0"
"5071","pickles","Blue and black","Yes, occasionally","Dog","Vanilla","Right-handed","Not 100% sure","Warmer","99","Michael B. Jordan","Yes","iPhone","3","","Yes, most of them","No","Even","Thursday","0","0","0","0","0","0","0","0","1","0","0","0","0","0","0","1","0","0","0","1","0","0","0","0","0","0","0"
"2976","Shrimp cocktail","Blue and black","No","Cat","Chocolate","Right-handed","Not 100% sure","Warmer","12","Miranda Cosgrove","No","iPhone","2","","No","No","Even","Thursday","0","0","0","1","1","0","0","0","1","0","0","0","0","0","0","0","0","0","1","0","1","0","0","0","0","0","0"
"5640","Pizza","What dress?","Yes, occasionally","Dog","Chocolate","Right-handed","Yes, I believe so","Cooler","99","Tom Hanks","No","iPhone","5","","Yes, one or two","No",NA,NA,"1","0","0","1","0","0","0","0","0","0","0","0","0","0","0","1","0","0","0","1","0","0","0","1","0","0","0"
"5151","avocado","I don't remember","Yes, occasionally","Cat","Chocolate","Right-handed","Yes, I believe so","Warmer","57","samuel jackson","Yes","iPhone","3","","No","I did the throwing out thing, but didn't talk to everyone about it","Odd","Thursday","1","0","0","1","0","0","0","0","0","0","0","0","0","0","0","0","0","1","1","0","0","0","0","0","0","0","0"
"2605","Milk","Blue and black","Yes, occasionally","Rabbit","Vanilla","Right-handed","Yes, I believe so","Cooler","67","Orlando Bloom","No","iPhone","3","","Yes, one or two","No","Odd","Thursday","0","0","1","0","0","0","0","0","0","0","0","0","0","1","0","0","0","0","1","0","0","0","0","0","0","0","0"
"7673","Fruit Bowls","White and gold","Yes, constantly","Fox","Chocolate","Right-handed","Yes, I believe so","Warmer","76","Daniel Craig","Yes","iPhone","5","","No","I did the throwing out thing, but didn't talk to everyone about it","Odd","Thursday","0","0","0","1","0","0","0","0","0","0","0","0","0","0","0","0","0","0","0","0","1","0","0","0","0","0","0"
"812","Coffee","I don't remember","No","Cow","Vanilla","Right-handed","Yes, I believe so","Warmer","59","Scarlett Johansson","No","iPhone","5","","No","No","Odd","Tuesday","0","1","0","0","0","0","0","0","1","0","0","0","0","0","0","1","0","0","0","0","0","0","0","0","0","0","0"
"5759","Sushi","Blue and black","Yes, occasionally","Bear","Vanilla","Right-handed","A what?","Cooler","7","Adam Driver","What?","iPhone","1","Real Madrid","Yes, one or two","No","Even","Thursday","0","0","0","0","0","0","0","1","0","0","0","0","0","0","0","0","0","0","0","0","0","0","1","1","0","0","0"
"3261","bacon","What dress?","Yes, occasionally","Panda","Chocolate","Right-handed","Not 100% sure","Warmer","88","Shailene Woodley","No","Android","5","","Yes, one or two","No, but I'm totally doing that now","Even","Thursday","0","0","1","0","0","0","0","0","0","0","0","0","1","0","0","1","0","0","0","0","0","0","0","0","1","0","1"
"6132","Banana’s ","Blue and black","Yes, occasionally","Lion","Vanilla","Right-handed","A what?","Warmer","27","Robert Downey Jr.","Yes","iPhone","4","Chelsea","No","I did the throwing out thing, but didn't talk to everyone about it","Odd","Tuesday","0","0","0","0","0","0","0","0","0","0","0","0","0","0","0","0","0","0","1","0","0","0","0","1","1","0","0"
"3903","Asparagus","Blue and black","Yes, occasionally","dog","Vanilla","Right-handed","Yes, I believe so","Warmer","13","Adam Sandler","What?","iPhone","4","Yankees","No","No","Odd","Thursday","0","0","0","0","0","0","0","0","1","0","0","0","0","0","0","0","0","0","0","0","0","1","1","0","1","1","0"
"3606","chocolate","Blue and black","Yes, occasionally","cat","Vanilla","Right-handed","Yes, and I have","Cooler","4","Jack Black","Yes","iPhone","4","Knicks","Yes, one or two","No","Odd","Tuesday","0","0","0","0","0","0","0","1","1","0","0","0","0","0","0","1","1","1","1","1","0","0","1","1","1","1","1"
"1477","Quesadilla","Blue and black","Yes, occasionally","Panda","Vanilla","Right-handed","Not 100% sure","Cooler","84","Leonardo Decaprio","No","iPhone","3","redbull racing","No","I did the throwing out thing, but didn't talk to everyone about it","Even","Thursday","0","1","1","0","1","0","0","0","1","1","0","0","1","0","0","0","0","0","1","0","1","0","0","1","0","0","0"
"6876","I like all foods","I don't remember","I'm not sure what things you mean","Dog","Vanilla","Right-handed","Not 100% sure","Cooler","7","Benedict Cumberbatch","No","iPhone","2","","No","No","Even","Thursday","0","0","0","0","1","0","0","0","0","1","1","1","0","1","1","0","0","0","0","0","0","0","0","0","0","0","0"
"1856","Sushi","I don't remember","No","Lion","Chocolate","Right-handed","Not 100% sure","Cooler","11","Adam Sandler","No","iPhone","5","New York Mets","Yes, most of them","I did the throwing out thing, but didn't talk to everyone about it","Odd","Thursday","0","0","0","0","0","0","0","0","0","0","0","0","0","0","0","1","0","0","0","0","0","0","1","0","1","1","0"
"4495","Sushi","Blue and black","Yes, occasionally","Dog","Chocolate","Right-handed","Yes, I believe so","Cooler","32","Ryan Reynolds","No","Android","3","","Yes, one or two","No","Odd","Tuesday","0","0","0","1","0","0","0","0","0","0","0","0","0","0","0","0","0","0","0","0","0","0","0","0","0","0","0"
"237","Soup","Blue and black","Yes, occasionally","Dog","Vanilla","Right-handed","Not 100% sure","Warmer","92","Robert Pattinson","Yes","Android","4","","Yes, most of them","No","Even","Thursday","0","0","0","0","0","0","0","0","1","1","0","0","0","1","1","0","0","1","0","0","0","0","0","0","0","0","0"
"5004","chocolate","Blue and black","I'm not sure what things you mean","cat","Chocolate","Right-handed","Not 100% sure","Warmer","67","tom holland","Yes","Android","3","","No","Yes","Odd","Tuesday","1","0","0","1","0","0","0","0","1","0","0","0","0","0","0","0","0","0","1","0","1","0","0","0","0","0","1"
"9523","Burrito Bowl","A color combination not listed here","Yes, occasionally","Dog","Chocolate","Right-handed","Yes, I believe so","Cooler","55","Ryan Reynolds","Yes","iPhone","5","Cleveland Cavaliers","Yes, most of them","No","Odd","Tuesday","0","0","0","0","1","0","0","0","1","0","0","0","0","0","0","0","1","1","0","0","1","0","1","0","1","0","0"
"4523","Blue cheese","White and gold","Yes, occasionally","Cat","Chocolate","Right-handed","Yes, I believe so","Cooler","72","Kristen Stewart","Yes","iPhone","3","New York Knicks","No","I did the throwing out thing, but didn't talk to everyone about it","Odd","Tuesday","0","0","1","0","0","0","0","0","1","1","1","0","1","0","0","0","0","0","0","0","0","0","0","0","1","0","0"
"5680","Mushrooms","A color combination not listed here","Yes, occasionally","Cat","Vanilla","Right-handed","Yes, and I have","Warmer","42","Meryl Streep","Yes","iPhone","4","","No","No, but I'm totally doing that now",NA,NA,"0","1","1","1","1","0","0","0","0","1","1","1","1","0","0","1","0","1","0","0","0","0","0","0","0","0","0"
"9082","Burgers","Blue and black","Yes, occasionally","Cat","Vanilla","Right-handed","Not 100% sure","Cooler","78","Daniel Radcliffe","What?","iPhone","3","","Yes, one or two","I did the throwing out thing, but didn't talk to everyone about it","Even","Tuesday","0","0","0","0","1","0","0","0","1","0","0","0","0","0","0","1","0","0","0","0","1","1","0","0","0","0","0"
"3060","Korean Food","Blue and black","Yes, occasionally","Monkey","Chocolate","Left-handed","Not 100% sure","Cooler","6","Chris Hemsworth","Yes","iPhone","4","","Yes, most of them","I did the throwing out thing, but didn't talk to everyone about it","Even","Thursday","0","0","0","0","0","0","0","0","0","0","0","0","0","0","0","0","0","1","0","0","0","0","0","0","0","0","0"
"8720","Burritos","A color combination not listed here","I'm not sure what things you mean","Dog","Vanilla","Right-handed","Yes, I believe so","Cooler","44","","No","iPhone","4","","No","I did the throwing out thing, but didn't talk to everyone about it","Even","Tuesday","0","0","0","0","0","0","0","0","0","0","0","0","1","0","0","1","0","0","1","0","0","0","0","0","0","0","0"
"8892","I do not like eating olives. I would pick them out of my pizza.","Blue and black","No","Giraffe","Vanilla","Right-handed","Yes, I believe so","Cooler","59","Johnny Depp","Yes","iPhone","4","","No","No","Odd","Tuesday","0","0","0","0","0","0","1","0","1","1","1","1","0","1","0","0","0","0","1","0","0","0","0","0","0","0","0"
"4464","French fries","I don't remember","Yes, occasionally","horse","Vanilla","Right-handed","Yes, and I have","Cooler","73","Margot Robbie","Yes","iPhone","2","","No","I did the throwing out thing, but didn't talk to everyone about it","Odd","Tuesday","0","1","0","0","0","1","0","0","1","0","0","0","0","1","0","0","0","1","0","0","0","0","0","0","0","0","0"
"4827","Avacado ","Blue and black","No","Cat","Vanilla","Right-handed","Not 100% sure","Cooler","72","Leonardo DiCaprio","Yes","Android","4","","No","No, but I'm totally doing that now","Odd","Thursday","1","0","0","0","1","0","0","0","0","0","0","0","1","0","0","0","0","0","0","0","0","0","0","0","0","0","0"
"3827","PB&J Sandwiches","White and gold","Yes, occasionally","Panda","Chocolate","Right-handed","Not 100% sure","Warmer","75","Brad Pitt","Yes","iPhone","4","Arsenal","Yes, one or two","I did the throwing out thing, but didn't talk to everyone about it","Odd","Tuesday","0","0","0","0","0","0","1","0","0","0","0","0","0","0","0","0","0","0","1","1","0","0","1","1","1","0","0"
"5283","Tomatoes","Blue and black","Yes, occasionally","Zenra","Vanilla","Right-handed","Not 100% sure","Cooler","11","Tom Cruise","Yes","Android","1","","No","No","Even","Tuesday","0","0","0","0","0","0","0","0","0","1","1","1","0","1","1","0","0","0","1","1","0","0","0","0","0","0","0"
"2418","Pineapple Pizza","Blue and black","I'm not sure what things you mean","tiger","Chocolate","Right-handed","Yes, I believe so","Cooler","75","Tom Hardy","No","iPhone","5","Sixers Patriots","No","No","Even","Thursday","0","1","0","0","0","0","0","0","1","0","0","1","0","1","0","0","0","0","0","0","0","0","1","0","1","0","0"
"3263","dumplings ","Blue and black","Yes, occasionally","giraffe ","Vanilla","Left-handed","Not 100% sure","Cooler","7","Jake Gyllenhaal","Yes","iPhone","3","Golden State Warriors ","Yes, most of them","No, but I'm totally doing that now","Odd","Tuesday","0","0","0","0","0","0","0","0","1","0","0","0","0","0","0","0","0","0","0","0","1","0","0","0","1","0","0"
"5342","Avocado","Blue and black","No","Turtle","Chocolate","Right-handed","Yes, I believe so","Warmer","69","Marilyn Monroe","Yes","iPhone","4","Warriors","Yes, most of them","I did the throwing out thing, but didn't talk to everyone about it","Odd","Tuesday","0","0","0","0","1","0","0","0","0","1","0","0","0","0","0","0","0","0","1","0","0","0","1","0","1","0","0"
"7486","Burgers","White and gold","Yes, occasionally","Jellyfish","Vanilla","Right-handed","Yes, and I have","Warmer","79","Leonardo DiCaprio","Yes","iPhone","5","","No","No","Odd","Thursday","0","0","1","0","1","0","0","0","0","0","0","0","0","1","0","0","0","0","0","1","0","1","0","1","0","0","1"
"1977","Pies","What dress?","I'm not sure what things you mean","Elephant","Chocolate","Right-handed","Not 100% sure","Cooler","50","Daniel Radcliffe","No","iPhone","3","","No","No","Even","Thursday","0","0","1","0","0","0","0","0","1","0","0","0","0","0","0","0","0","0","0","1","0","0","0","0","0","0","0"
"6840","Apple Pie (pie in general)","Blue and black","Yes, constantly","Cat","Vanilla","Right-handed","Yes, I believe so","Cooler","7","Chris Hemsworth","Yes","Android","4","","Yes, one or two","No, but I'm totally doing that now","Even","Tuesday","0","0","0","1","0","0","0","0","1","0","0","0","0","0","0","0","0","0","1","1","0","0","0","1","0","0","0"
"2940","Bananas","Blue and black","Yes, occasionally","Dolphin","Chocolate","Right-handed","Yes, I believe so","Cooler","98","Leonardo Di Caprio","Yes","iPhone","4","","No","No","Odd","Tuesday","0","0","0","0","0","0","0","0","0","0","0","0","0","0","0","0","1","1","1","0","0","0","0","0","0","0","0"
"5118","Eggplant Parmesan","White and gold","Yes, occasionally","Cow","Chocolate","Right-handed","Yes, I believe so","Cooler","67","Audrey Hepburn","Yes","Android","5","Philadelphia Eagles","No","I did the throwing out thing, but didn't talk to everyone about it","Even","Thursday","0","0","0","0","0","0","0","0","0","0","1","0","1","0","0","0","0","0","0","0","0","0","1","1","0","0","1"
"5586","Burgers","White and gold","No","Lion","Chocolate","Left-handed","Yes, I believe so","Cooler","53","Tom Holland","Yes","Android","5","","Yes, most of them","I did the throwing out thing, but didn't talk to everyone about it","Even","Tuesday","0","1","0","0","1","0","0","1","1","0","0","0","0","0","0","1","0","0","1","1","0","0","0","0","1","0","1"
"9973","Crêpe","Blue and black","Yes, occasionally","Cat","Chocolate","Right-handed","Yes, I believe so","Cooler","57","Johnny Depp","Yes","iPhone","2","","No","No","Even","Thursday","0","1","0","0","0","0","0","0","1","0","0","0","0","0","0","0","0","0","1","0","1","0","0","0","0","0","0"
"343","cheeseburgers","I don't remember","I'm not sure what things you mean","cat","Chocolate","Right-handed","Not 100% sure","Cooler","68","Robert Downey Jr.","Yes","iPhone","4","","Yes, one or two","No","Even","Tuesday","0","1","1","0","1","0","0","0","1","0","0","0","0","0","0","0","0","0","0","0","0","0","1","1","1","0","0"
"269","Sushi","White and gold","Yes, constantly","Dog","Chocolate","Right-handed","Yes, I believe so","Cooler","3","Leonardo DiCaprio","No","iPhone","3","","Yes, one or two","No","Odd","Tuesday","0","0","0","0","0","0","0","0","0","0","0","0","0","0","0","0","0","0","0","0","0","0","1","0","0","0","0"
"2762","Buffalo Chicken Wings","What dress?","No","Duck","Chocolate","Left-handed","Not 100% sure","Cooler","7","Robert Downey Jr.","Yes","Android","4","Real Madrid","Yes, most of them","I did the throwing out thing, but didn't talk to everyone about it","Odd","Tuesday","0","1","0","0","0","0","0","0","1","1","1","0","0","1","0","1","0","1","0","1","0","0","1","1","0","0","0"
"8563","Chocolate cake","Blue and black","I'm not sure what things you mean","Cat","Vanilla","Right-handed","Yes, I believe so","Warmer","10","Angelina Jolie","Yes","iPhone","3","","Yes, one or two","No","Odd","Thursday","0","0","0","0","0","0","0","0","1","0","0","0","0","0","0","1","0","0","0","1","0","0","0","0","0","0","0"
"9825","Peanut Butter","Blue and black","Yes, occasionally","Penguin","Chocolate","Right-handed","Yes, I believe so","Warmer","21","Leonardo DiCaprio ","Yes","Android","3","Eagles","Yes, most of them","No, but I'm totally doing that now","Even","Tuesday","0","1","0","0","0","0","0","0","1","0","0","0","0","0","0","0","0","0","1","0","0","0","1","0","0","0","0"
"1720","Burritos","I don't remember","I'm not sure what things you mean","red panda","Chocolate","Right-handed","Yes, I believe so","Warmer","77","Charles Melton","No","iPhone","3","Texas Longhorn Women's Volleyball","No","I did the throwing out thing, but didn't talk to everyone about it","Odd","Thursday","0","0","0","0","0","0","0","1","0","0","1","1","0","1","1","0","0","0","0","0","0","0","1","0","0","0","0"
"3765","hot dogs","Blue and black","Yes, occasionally","dog","Vanilla","Right-handed","Yes, and I have","Cooler","97","Chris Pratt","Yes","iPhone","5","","No","I did the throwing out thing, but didn't talk to everyone about it","Odd","Tuesday","0","0","0","1","1","0","0","0","0","0","0","0","0","1","0","1","0","1","0","0","0","0","0","1","0","0","0"
"6305","Guacamole","Blue and black","Yes, occasionally","Fish","Chocolate","Right-handed","Yes, I believe so","Cooler","14","Dwayne The Rock Johnson","No","iPhone","5","","Yes, one or two","No","Even","Tuesday","0","0","0","1","1","0","0","0","0","0","1","1","0","1","1","0","0","0","1","0","0","0","1","0","0","0","0"
"9237","Eggplant","Blue and black","No","Bear","Chocolate","Right-handed","Yes, I believe so","Warmer","69","Marilyn Monroe ","Yes","iPhone","4","Golden State Warriors ","Yes, one or two","No, but I'm totally doing that now","Odd","Tuesday","0","0","0","0","1","0","0","0","0","1","0","0","0","0","0","0","0","0","1","0","0","0","1","0","1","0","0"
"40","Pizza","Blue and black","Yes, occasionally","Lion","Vanilla","Right-handed","Not 100% sure","Cooler","45","Chris Pratt","No","iPhone","4","Arsenal","Yes, most of them","I did the throwing out thing, but didn't talk to everyone about it","Even","Thursday","0","1","0","0","1","0","0","0","1","0","0","0","1","0","0","1","0","1","0","1","0","0","0","1","0","0","0"
"7596","everything bagels","White and gold","Yes, occasionally","cat","Chocolate","Right-handed","Yes, I believe so","Warmer","55","Florence Pugh","No","iPhone","3","","Yes, most of them","No, but I'm totally doing that now","Even","Thursday","0","0","0","0","0","0","0","0","0","0","0","0","0","0","0","0","0","0","0","0","0","0","0","0","0","0","0"
"6689","Burgers","Blue and black","Yes, occasionally","Lion","Vanilla","Right-handed","Not 100% sure","Cooler","33","Tom Holland","Yes","iPhone","3","Barcelona","Yes, one or two","No, but I'm totally doing that now","Odd","Thursday","0","0","0","0","1","0","0","0","1","0","0","0","0","1","0","0","0","0","0","0","0","0","0","1","0","0","0"
"240","Mushrooms","Blue and black","I'm not sure what things you mean","Lion","Vanilla","Ambidextrous","Not 100% sure","Cooler","77","Tom Cruise","No","iPhone","3","Knicks","No","No","Odd","Thursday","0","1","0","0","0","0","0","0","1","0","0","0","0","0","0","0","0","0","1","0","0","0","1","0","1","1","0"
"3153","edamame","A color combination not listed here","I'm not sure what things you mean","mungmung","Chocolate","Right-handed","Not 100% sure","Warmer","51","Ryan Reynolds","Yes","iPhone","4","SKT T1","Yes, one or two","I did the throwing out thing, but didn't talk to everyone about it","Even","Thursday","0","1","0","0","0","0","0","0","1","0","0","1","0","1","0","0","0","0","0","0","0","0","0","0","0","1","0"
"9958","fish","Blue and black","Yes, occasionally","frog","Chocolate","Right-handed","Not 100% sure","Cooler","42","leonardo Dicaprio","Yes","iPhone","4","yankees`","Yes, most of them","No","Even","Tuesday","0","0","0","0","0","0","0","0","0","0","0","0","0","0","0","0","0","1","0","0","0","0","1","1","1","1","0"
"8595","Mac & Cheese","Blue and black","Yes, constantly","Alligator","Chocolate","Right-handed","Yes, and I have","Warmer","6","Andrew Garfield","What?","iPhone","5","Manchester United","Yes, most of them","Yes","Odd","Thursday","0","0","0","0","0","0","0","1","0","0","0","0","0","0","0","0","0","0","1","0","0","0","0","1","1","0","0"
"5304","Ice Cream","Blue and black","I'm not sure what things you mean","Elephant","Chocolate","Right-handed","Yes, I believe so","Cooler","53","Lauren Ridloff","No","iPhone","3","","Yes, most of them","No","Even","Thursday","1","0","0","0","0","0","0","0","0","0","0","0","0","0","0","0","0","0","1","0","0","1","0","0","0","0","0"
"7849","durian","Blue and black","No","dog","Vanilla","Right-handed","Yes, and I have","Cooler","18","Zac Efron","Yes","iPhone","2","","Yes, one or two","Yes","Odd","Thursday","0","1","0","0","0","1","0","0","1","1","1","1","0","1","1","0","1","0","0","0","0","0","0","0","1","0","0"
"4338","Coleslaw","White and gold","Yes, occasionally","Dog","Chocolate","Right-handed","Yes, I believe so","Warmer","27","Tom Hardy","Yes","iPhone","2","Giants","Yes, one or two","No, but I'm totally doing that now","Odd","Thursday","0","0","1","0","0","0","1","0","1","0","0","1","0","0","0","0","0","0","1","0","0","0","1","0","0","0","0"
"1908","Reese's Cups","White and gold","Yes, occasionally","dolphins","Chocolate","Right-handed","Not 100% sure","Warmer","70","Saoirse Ronan","Yes","iPhone","4","","Yes, most of them","No","Even","Tuesday","1","0","0","0","0","0","0","0","1","0","0","0","0","1","0","0","0","1","0","0","0","1","0","0","0","0","0"
"7764","taco","I don't remember","Yes, constantly","Dog","Vanilla","Ambidextrous","Not 100% sure","Warmer","6","Jake Gyllenhaal","Yes","iPhone","5","Real Madrid","No","No","Even","Thursday","0","1","1","0","0","0","0","0","1","1","1","0","0","1","1","0","0","1","0","0","0","0","0","1","0","0","0"
"7479","Fries","Blue and black","Yes, occasionally","Dog","Chocolate","Right-handed","Not 100% sure","Warmer","10","Kiera Knightley","Yes","iPhone","2","","Yes, most of them","No",NA,NA,"0","0","0","1","0","0","0","0","0","0","0","0","0","0","0","0","0","0","1","0","0","0","0","0","0","0","1"
"9991","pancakes","Blue and black","No","dog","Vanilla","Right-handed","Yes, I believe so","Warmer","21","Robert Downey Jr.","Yes","iPhone","4","","No","No","Odd","Tuesday","0","0","0","0","0","0","0","0","0","0","0","0","0","0","0","0","0","0","0","0","0","0","0","0","0","0","0"
"5234","Lasagne","White and gold","Yes, occasionally","Dog","Vanilla","Right-handed","Yes, I believe so","Warmer","2","Hugh Jackman","No","iPhone","2","Brooklyn Nets","Yes, one or two","I did the throwing out thing, but didn't talk to everyone about it","Even","Tuesday","0","0","0","0","0","0","0","0","0","0","0","0","0","1","0","0","0","0","0","0","0","0","0","0","1","1","0"
"1839","Watermelon","White and gold","No","ocelot","Vanilla","Right-handed","Not 100% sure","Warmer","90","Miley Cyrus","Yes","Android","5","","No","I did the throwing out thing, but didn't talk to everyone about it","Even","Tuesday","0","0","0","0","0","0","0","1","0","0","0","0","0","0","0","0","0","0","0","0","0","0","0","0","0","0","0"
"2729","Chocolate","Blue and black","Yes, constantly","Bird","Vanilla","Right-handed","A what?","Cooler","75","Tom Hanks ","No","iPhone","5","NFL Packers ","Yes, most of them","No","Even","Thursday","1","0","1","0","0","0","0","0","0","0","0","0","0","0","1","1","0","0","0","0","0","0","0","1","1","0","0"
"2938","Burritos","I don't remember","Yes, occasionally","Dog","Chocolate","Right-handed","Yes, I believe so","Cooler","65","Robert Downey Jr.","What?","Android","4","","Yes, one or two","No","Even","Thursday","0","0","0","0","0","0","0","0","0","0","0","0","0","1","0","0","0","1","1","0","0","0","0","0","0","0","0"
"2463","Pizza","Blue and black","I'm not sure what things you mean","Tiger","Chocolate","Right-handed","Not 100% sure","Cooler","27","Leonardo DiCaprio","What?","iPhone","4","FC Barcelona","Yes, one or two","I did the throwing out thing, but didn't talk to everyone about it","Even","Tuesday","0","0","0","0","0","0","1","0","0","0","0","0","0","0","0","1","0","0","0","1","0","0","0","1","1","0","0"
"6639","Boba","White and gold","Yes, occasionally","Lion","Chocolate","Right-handed","Yes, I believe so","Cooler","69","Leonardo Dicaprio","Yes","iPhone","3","GS Warriors","Yes, most of them","I did the throwing out thing, but didn't talk to everyone about it","Even","Thursday","0","0","1","0","0","0","0","0","1","0","0","0","0","0","0","0","0","0","0","0","0","0","1","0","1","0","0"
"5095","Olives","White and gold","Yes, occasionally","TIger","Vanilla","Right-handed","Yes, I believe so","Warmer","7","Scarlett Johansson","Yes","iPhone","2","","No","No, but I'm totally doing that now","Even","Tuesday","0","0","1","0","0","0","0","0","1","0","1","0","0","0","0","1","0","0","0","0","0","0","0","0","0","0","1"
"3722","seafood","White and gold","Yes, occasionally","zebra ","Chocolate","Right-handed","Yes, I believe so","Warmer","26","Matt Damon","Yes","iPhone","4","Arsenal ","Yes, one or two","No","Odd","Thursday","0","0","0","1","1","0","0","0","1","0","1","0","0","0","1","0","0","0","1","0","0","0","0","1","0","0","0"
"9597","Hot Dogs","Blue and black","I'm not sure what things you mean","Dog","Vanilla","Right-handed","Not 100% sure","Warmer","5","Brad Pitt","No","Android","4","","Yes, one or two","No","Even","Thursday","0","0","0","0","1","0","0","0","1","0","0","0","0","0","0","0","0","0","0","0","0","0","0","1","0","0","0"
"750","beef","Blue and black","Yes, occasionally","Bear","Chocolate","Right-handed","Yes, and I have","Warmer","42","Tom Cruise","Yes","iPhone","5","","Yes, one or two","No","Odd","Thursday","0","0","0","0","1","0","0","0","0","0","0","0","0","0","0","0","0","0","1","0","0","0","0","0","0","0","0"
"8964","Kale","Blue and black","Yes, occasionally","Giraffe","Chocolate","Right-handed","Yes, I believe so","Cooler","23","Leonardo Di caprio","Yes","Android","2","Man City","Yes, one or two","I did the throwing out thing, but didn't talk to everyone about it","Even","Tuesday","1","0","0","1","0","1","0","0","0","0","0","0","0","0","0","0","0","1","0","0","0","0","0","1","0","0","1"
"6510","Hamburgers","Blue and black","Yes, occasionally","Dolphin","Vanilla","Right-handed","Yes, I believe so","Warmer","77","Morgan Freeman","No","iPhone","3","","Yes, one or two","No","Even","Tuesday","0","0","0","0","0","0","0","0","1","1","0","0","0","1","0","0","0","0","0","0","0","0","0","0","0","0","0"
"4046","Hot Dogs","Blue and black","I'm not sure what things you mean","Lion","Vanilla","Right-handed","Not 100% sure","Warmer","80","Robert Downey Jr.","Yes","iPhone","5","New York Giants","Yes, most of them","I did the throwing out thing, but didn't talk to everyone about it","Odd","Thursday","1","0","0","0","0","0","0","0","0","1","0","0","0","0","0","1","0","0","1","0","0","1","1","0","1","0","0"
"1957","Chicken","Blue and black","Yes, constantly","Crow","Chocolate","Right-handed","Yes, I believe so","Warmer","72","Chris Pratt","Yes","Android","2","","No","No","Even","Tuesday","0","1","1","1","0","0","1","0","1","0","0","0","0","0","0","0","1","0","1","0","0","0","0","0","0","0","0"
"9167","Nothing I like everything ","Blue and black","Yes, occasionally","Dog","Vanilla","Right-handed","Not 100% sure","Cooler","16","Angelina jolie","Yes","iPhone","3","","No","No","Even","Thursday","0","1","1","0","1","0","0","0","0","0","0","0","1","0","0","0","0","0","0","0","0","0","0","0","0","0","0"
"2233","Olives","I don't remember","I'm not sure what things you mean","Duck","Vanilla","Right-handed","Yes, I believe so","Cooler","69","Sam Rockwell","Yes","Android","5","Brooklyn Nets","Yes, one or two","No","Even","Thursday","1","0","0","1","1","0","0","0","0","0","0","0","0","0","0","0","1","0","1","0","1","0","0","0","1","0","0"
"3694","Pickles","Blue and black","Yes, occasionally","Lion","Vanilla","Right-handed","Not 100% sure","Cooler","21","Brad Pitt","Yes","iPhone","3","","","I did the throwing out thing, but didn't talk to everyone about it","Odd","Tuesday","0","0","0","0","0","0","0","0","1","0","0","0","0","0","0","0","0","0","0","0","1","0","0","0","0","0","1"
"1501","Sushi","What dress?","Yes, occasionally","Dog","Vanilla","Left-handed","Yes, I believe so","Warmer","25","Charlie Day","Yes","iPhone","1","Miami Heat","Yes, most of them","No","Even","Tuesday","0","0","0","0","0","0","0","0","1","0","0","0","0","0","0","0","0","0","1","0","0","0","0","0","1","0","0"
"4530","Yogurt","Blue and black","Yes, occasionally","Elephant","Vanilla","Ambidextrous","Not 100% sure","Cooler","29","Leonardo Dicaprio","Yes","iPhone","4","Giants","Yes, one or two","No","Even","Thursday","0","0","0","0","0","0","0","0","0","1","1","0","0","0","0","0","0","0","0","0","0","0","1","0","0","0","0"
"9163","BBQ Chicken","Blue and black","Yes, occasionally","Giraffe","Chocolate","Right-handed","Not 100% sure","Cooler","69","Dwayne Johnson","Yes","iPhone","4","New York Knicks","Yes, most of them","No","Even","Thursday","1","0","0","0","0","0","0","1","0","0","0","0","0","1","0","0","0","0","1","0","0","0","0","0","1","0","0"
"4682","coleslaw","A color combination not listed here","No","Giraffe","Vanilla","Right-handed","Yes, I believe so","Cooler","67","Henry Cavill","Yes","iPhone","1","","No","No, but I'm totally doing that now","Even","Tuesday","0","1","0","0","1","0","0","0","0","1","0","0","0","1","0","0","0","0","0","1","0","0","0","0","0","0","0"
"7998","tofu","I don't remember","I'm not sure what things you mean","dog","Chocolate","Right-handed","Not 100% sure","Warmer","77","Brad Pitt","Yes","Android","3","Mets","No","I did the throwing out thing, but didn't talk to everyone about it","Even","Tuesday","0","0","0","0","0","0","0","0","0","0","0","0","1","0","0","0","0","0","1","0","0","0","0","0","1","1","0"
"1107","Olives","White and gold","Yes, occasionally","Dog","Chocolate","Right-handed","Not 100% sure","Cooler","3","Daniel Radcliffe","Yes","Android","3","","Yes, one or two","No","Odd","Thursday","0","1","0","0","0","0","0","0","1","0","0","0","0","0","1","0","0","0","0","0","0","0","0","0","0","0","0"
"7161","tacos","Blue and black","Yes, constantly","snake","Chocolate","Right-handed","Yes, and I have","Cooler","69","saul goodman","No","iPhone","3","manchester city","Yes, one or two","No, but I'm totally doing that now","Even","Thursday","0","0","0","1","0","0","0","0","0","0","0","0","0","0","0","0","1","0","0","0","1","0","0","1","0","0","0"
"9811","egg plants","Blue and black","Yes, occasionally","turtle","Chocolate","Ambidextrous","Not 100% sure","Warmer","17","Jim Carrey","Yes","iPhone","4","Trailblazers","Yes, one or two","I did the throwing out thing, but didn't talk to everyone about it","Even","Tuesday","0","1","1","0","0","0","1","0","1","0","1","0","1","0","1","0","0","1","0","0","0","0","0","0","1","0","0"
"4279","Ice Cream","Blue and black","Yes, constantly","Tiger","Vanilla","Right-handed","Yes, I believe so","Cooler","21","Jake Gyllenhaal ","Yes","iPhone","4","Miami Heat","Yes, most of them","No, but I'm totally doing that now","Even","Tuesday","0","0","0","0","0","0","0","0","1","1","0","1","0","0","0","0","0","1","1","0","0","0","1","0","1","0","0"
"230","Oysters","Blue and black","Yes, occasionally","Cat","Vanilla","Right-handed","Yes, I believe so","Cooler","7.27","Lebron James","Yes","Android","3","","No","No","Even","Thursday","1","1","0","0","0","0","0","0","0","1","1","0","0","1","1","0","0","0","1","0","0","0","1","0","1","0","0"
"5222","green pepper","White and gold","I'm not sure what things you mean","cat","Vanilla","Right-handed","Not 100% sure","Warmer","26","","No","iPhone","5","","No","No","Even","Thursday","0","0","0","1","0","0","0","0","0","0","0","1","0","1","0","1","0","0","0","0","0","0","0","0","0","0","0"
"2728","Tomato","I don't remember","Yes, occasionally","Pig","Vanilla","Right-handed","Not 100% sure","Cooler","83","Brad Pitt","Yes","iPhone","4","","Yes, one or two","No","Even","Tuesday","0","1","0","0","0","0","0","0","0","1","1","0","0","1","1","0","0","0","1","0","0","0","0","0","0","0","0"
"1861","Pizza","White and gold","Yes, occasionally","Elephant","Vanilla","Right-handed","Yes, I believe so","Warmer","54","Megan Fox","Yes","iPhone","4","","Yes, one or two","No","Even","Tuesday","0","0","0","0","0","0","0","0","0","0","1","0","1","0","0","0","0","0","0","0","1","0","1","1","0","0","0"
"4042","Eggplant","I don't remember","Yes, occasionally","Gorilla","Chocolate","Right-handed","Not 100% sure","Cooler","42","Will Ferrel","Yes","iPhone","3","New York Giants","No","No","Odd","Thursday","0","0","0","0","0","0","0","1","0","1","1","0","0","0","0","0","0","0","1","0","0","0","1","0","0","1","0"
"2730","Guac","White and gold","I'm not sure what things you mean","Panda","Vanilla","Right-handed","Not 100% sure","Warmer","87","Brad Pitt","Yes","iPhone","3","","No","I did the throwing out thing, but didn't talk to everyone about it","Even","Thursday","0","0","0","1","0","0","0","0","0","0","0","0","0","1","0","0","0","1","0","0","0","0","1","0","1","0","1"
"5802","Gravy","I don't remember","Yes, constantly","Cat","Vanilla","Right-handed","Not 100% sure","Cooler","92","Hugh Jackman","Yes","iPhone","3","","Yes, one or two","No","Odd","Thursday","0","1","0","0","0","0","0","0","1","0","0","0","0","0","0","0","0","0","1","0","0","0","0","0","0","0","0"
"3697","Pears","Blue and black","I'm not sure what things you mean","Wolf","Vanilla","Right-handed","Yes, I believe so","Cooler","7","Ryan Reynolds","Yes","iPhone","4","","Yes, most of them","No","Odd","Tuesday","1","0","0","1","0","0","0","0","0","0","0","0","0","0","0","0","0","0","0","0","0","0","0","0","0","0","0"
"6849","Mayonnaise","Blue and black","Yes, occasionally","Panda","Chocolate","Right-handed","Yes, I believe so","Cooler","48","Tom Hanks","No","Android","2","Boston Red Sox","No","No","Even","Tuesday","0","0","0","0","0","0","0","0","0","0","1","1","0","1","1","0","0","0","0","0","0","0","1","0","1","1","0"
"5114","bread","White and gold","Yes, constantly","dog","Chocolate","Left-handed","Yes, and I have","Cooler","1","The Rock","Yes","iPhone","1","","Yes, most of them","Yes","Odd","Thursday","1","0","0","0","0","0","0","0","0","1","0","0","0","0","0","0","0","0","0","0","1","0","1","0","0","0","0"
"2391","Hamburger","White and gold","Yes, occasionally","Zebra","Chocolate","Right-handed","Yes, and I have","Cooler","74","howie mandel","No","Android","3","","Yes, one or two","I did the throwing out thing, but didn't talk to everyone about it","Odd","Tuesday","0","1","0","0","0","0","0","0","1","0","0","0","1","0","0","0","0","0","0","0","0","0","0","0","0","0","0"
"4993","blue cheese","White and gold","Yes, occasionally","Hippo","Chocolate","Right-handed","A what?","Warmer","42","Zendaya","Yes","iPhone","3","","Yes, most of them","I did the throwing out thing, but didn't talk to everyone about it","Even","Thursday","0","1","0","0","0","0","0","0","1","0","0","0","0","0","0","0","0","0","1","0","0","0","1","0","0","0","0"
"5357","Ketchup","Blue and black","I'm not sure what things you mean","Elephant","Chocolate","Left-handed","A what?","Warmer","54","Megan Fox","Yes","iPhone","5","Oklahoma City Thunder","Yes, one or two","I did the throwing out thing, but didn't talk to everyone about it","Odd","Tuesday","0","0","0","0","1","0","0","0","0","0","0","0","0","0","0","0","0","0","1","0","0","0","1","0","1","0","0"
"5794","213001338","White and gold","Yes, occasionally","Grass","Vanilla","Right-handed","Yes, I believe so","Warmer","1","No","Yes","iPhone","1","basketball","No","No","Even","Tuesday","0","0","0","0","0","0","0","0","0","0","0","0","0","0","0","0","0","0","0","0","0","0","1","0","1","0","0"
"7674","Pizza","Blue and black","Yes, constantly","lion","Vanilla","Right-handed","Yes, I believe so","Cooler","21","Leonardo DiCaprio ","What?","iPhone","3","","Yes, most of them","No","Even","Tuesday","0","0","0","0","0","0","0","0","0","0","0","0","0","0","0","0","0","0","0","0","0","0","0","0","0","0","0"
"7788","Meatloaf","","Yes, constantly","Elephant","Chocolate","Right-handed","Yes, and I have","Warmer","7","Timothy Chalamet","Yes","iPhone","2","","","No, but I'm totally doing that now","Odd","Tuesday","1","0","1","0","0","0","1","0","1","0","0","0","0","0","0","0","1","1","1","0","0","0","0","0","0","0","0"
"347","chicken","White and gold","I'm not sure what things you mean","elephant","Vanilla","Right-handed","Not 100% sure","Warmer","23","Robert Pattison","No","iPhone","3","BARCELONA ","Yes, one or two","I did the throwing out thing, but didn't talk to everyone about it","Odd","Tuesday","0","0","0","0","0","0","0","0","1","0","1","0","0","0","0","0","0","0","0","0","1","0","0","1","0","0","0"
"4084","Shrimp","Blue and black","Yes, occasionally","Snake","Chocolate","Right-handed","Yes, I believe so","Cooler","50","Patrick Star","Yes","Android","5","","Yes, one or two","No","Odd","Thursday","0","0","0","0","0","0","0","0","0","0","0","0","0","0","0","1","0","0","0","0","0","0","0","0","0","0","0"
"6288","boba tea","Blue and black","Yes, occasionally","tiger","Chocolate","Right-handed","Yes, and I have","Cooler","13","Daniel Day louis","Yes","iPhone","4","Dallas Mavericks","Yes, one or two","Yes","Odd","Tuesday","0","0","0","0","0","0","0","0","0","0","0","0","0","0","0","0","0","0","0","0","0","0","1","0","1","0","0"
"5217","Sushi","Blue and black","Yes, constantly","Cat","Vanilla","Right-handed","Yes, and I have","Cooler","50","Jamie Fox","Yes","iPhone","3","","Yes, one or two","No","Odd","Tuesday","0","0","1","0","0","0","0","0","0","0","0","0","0","1","0","0","0","1","0","0","0","0","1","0","0","0","0"
"8330","Macaroni and Cheese","Blue and black","Yes, occasionally","Walrus","Chocolate","Right-handed","Not 100% sure","Warmer","73","Zac Efron","Yes","iPhone","3","","Yes, one or two","No","Even","Thursday","0","0","0","0","1","0","0","0","0","0","0","0","0","0","0","0","0","0","1","0","0","0","0","0","0","0","0"
"4736","Candy","Blue and black","I'm not sure what things you mean","Polar Bear","Vanilla","Right-handed","Yes, I believe so","Warmer","76","Chris Evans","Yes","iPhone","4","","Yes, most of them","No","Odd","Tuesday","0","0","0","0","0","0","0","1","0","0","0","0","0","0","0","0","0","0","0","0","0","1","0","0","0","0","0"
"3691","Salad","White and gold","Yes, occasionally","Lion","Vanilla","Right-handed","Yes, I believe so","Cooler","4","Liam Neeson","Yes","iPhone","1","","No","No","Even","Thursday","0","0","0","0","0","0","0","0","1","0","0","0","0","0","0","0","0","0","0","0","0","0","0","0","0","0","0"
"775","Salmon","Blue and black","Yes, constantly","Dog","Chocolate","Right-handed","Yes, I believe so","Cooler","7","Leonardo Decaprio ","Yes","iPhone","3","Rutgers Scarlet Knights","No","No","Odd","Thursday","1","1","0","1","0","0","0","0","0","0","1","0","0","0","0","0","0","0","1","0","1","0","1","0","1","0","0"
"3687","mac & cheese","White and gold","Yes, occasionally","panda bear","Chocolate","Right-handed","Not 100% sure","Cooler","97","leonado dicaprio","Yes","iPhone","1","","No","No, but I'm totally doing that now","Even","Thursday","0","0","0","0","0","0","0","0","0","0","0","0","0","0","0","1","0","0","0","0","0","0","0","0","0","0","1"
"3243","lentils","I don't remember","No","Cat","Vanilla","Right-handed","A what?","Warmer","16","Ben Affleck","Yes","iPhone","1","Al Saad Sports Club","Yes, most of them","No","Even","Tuesday","0","0","0","0","0","0","1","0","0","0","0","0","0","0","0","0","0","0","1","0","0","0","0","1","1","0","0"
"7080","Pasta","Blue and black","No","Dog","Vanilla","Left-handed","Yes, I believe so","Warmer","23","Dwayne the rock Johnson ","No","iPhone","3","","Yes, one or two","No, but I'm totally doing that now","Odd","Thursday","0","0","0","0","0","0","0","0","1","1","1","0","1","1","1","0","0","0","1","0","1","0","0","0","0","0","0"
"2374","Hot dogs","Blue and black","Yes, occasionally","Octopus ","Chocolate","Right-handed","Yes, and I have","Warmer","79","Daniel Kaluuya","No","Android","2","PSG","Yes, one or two","No","Odd","Thursday","0","1","0","0","0","0","0","0","1","1","0","1","1","1","0","0","0","0","0","0","0","0","0","1","0","0","0"
"7472","Goldfish","White and gold","Yes, occasionally","Guinea Pig","Vanilla","Right-handed","Yes, I believe so","Cooler","69","Tom Hanks","Yes","Android","3","","No","No","Even","Thursday","0","0","0","0","0","0","0","0","1","0","0","0","0","0","0","0","0","0","0","0","0","0","0","1","0","0","0"
"3561","Pizza","Blue and black","Yes, occasionally","Cat","Chocolate","Right-handed","Yes, and I have","Warmer","88","Brad Pitt","Yes","iPhone","2","","No","No","Even","Thursday","0","0","0","0","1","0","0","0","0","0","0","0","0","1","0","0","0","0","0","0","1","0","1","0","0","0","0"
"3724","Sushi","White and gold","No","Cat","Chocolate","Right-handed","Yes, and I have","Warmer","5","James Bond","Yes","iPhone","5","Brooklyn Nets","Yes, most of them","I did the throwing out thing, but didn't talk to everyone about it","Odd","Thursday","0","0","0","0","1","0","0","0","0","0","0","0","0","0","0","0","0","0","0","0","1","0","0","0","1","0","1"
"3079","Chocolate cake","Blue and black","I'm not sure what things you mean","dog","Vanilla","Right-handed","Yes, I believe so","Cooler","10","Julia Roberts","Yes","iPhone","3","","Yes, one or two","No","Odd","Thursday","0","0","0","0","0","0","0","0","1","0","0","0","0","0","0","1","0","0","0","1","0","0","0","0","0","0","0"
"7291","Sushi","What dress?","I'm not sure what things you mean","Horse","Chocolate","Right-handed","Yes, I believe so","Cooler","15","Megan Fox ","Yes","iPhone","3","New York Giants","Yes, most of them","No","Even","Thursday","0","0","0","1","0","0","0","0","0","0","0","0","0","0","0","0","0","0","1","0","0","0","1","0","0","0","0"
"4462","seafood","A color combination not listed here","Yes, occasionally","zebra","Chocolate","Right-handed","Yes, and I have","Warmer","27","Matt Damon","Yes","iPhone","4","Arsenal","Yes, one or two","No","Odd","Thursday","0","0","0","1","0","0","1","0","0","0","0","0","0","0","1","0","0","1","0","0","0","0","0","1","0","0","0"
"3486","Pasta","Blue and black","Yes, occasionally","Cat","Vanilla","Right-handed","Yes, I believe so","Warmer","42","Chris Pratt","What?","Android","4","","Yes, most of them","No","Even","Tuesday","0","0","0","0","1","0","0","0","0","0","0","0","0","0","0","0","0","0","0","0","0","1","0","0","0","0","0"
"3117","hot dog","White and gold","Yes, occasionally","tiger","Vanilla","Right-handed","Yes, and I have","Cooler","21","jennifer gardner","Yes","iPhone","1","Real Madrid","No","Yes","Odd","Tuesday","0","0","1","1","0","0","0","0","1","0","1","0","0","0","0","0","0","0","0","0","0","0","1","1","0","0","0"
"4365","chocolate","Blue and black","I'm not sure what things you mean","giraffe","Vanilla","Right-handed","Not 100% sure","Warmer","1","margot robbie","Yes","iPhone","1","chicago bulls","No","No","Even","Tuesday","0","0","0","0","0","0","0","0","0","0","0","0","0","0","0","0","0","0","0","0","0","1","1","0","1","0","0"
"5654","pizza","A color combination not listed here","Yes, constantly","lion","Chocolate","Right-handed","Yes, I believe so","Warmer","50","Vin Diesel","Yes","iPhone","5","golden state warriors ","Yes, most of them","I did the throwing out thing, but didn't talk to everyone about it","Even","Thursday","0","1","1","0","0","0","0","0","1","0","0","0","0","0","0","0","0","0","1","0","0","0","0","0","1","0","0"
"3621","Cheese","Blue and black","I'm not sure what things you mean","Dog","Chocolate","Right-handed","Not 100% sure","Warmer","50","Jim Carrey","Yes","iPhone","5","","Yes, one or two","No","Even","Thursday","0","0","1","0","0","0","0","0","0","0","1","0","0","0","0","0","0","1","0","0","0","0","0","0","0","0","0"
"5669","Eggs","White and gold","Yes, occasionally","Cheetah","Vanilla","Right-handed","Not 100% sure","Warmer","56","Kevin Hart","Yes","Android","4","Philly Eagles","Yes, most of them","No","Odd","Tuesday","0","0","0","0","0","0","0","0","1","0","0","0","0","0","0","0","0","0","1","1","1","0","0","0","0","0","0"
"7218","broccolli","Blue and black","Yes, occasionally","shark","Chocolate","Right-handed","Yes, I believe so","","33","Song Joong-Ki","No","iPhone","3","FC Barcelona","No","I did the throwing out thing, but didn't talk to everyone about it","Odd","Thursday","1","1","1","1","1","0","1","1","1","0","0","0","0","0","0","0","0","0","1","0","1","0","0","1","1","0","0"
"8471","cheesecake ","Blue and black","Yes, occasionally","Dog","Chocolate","Left-handed","Yes, I believe so","Cooler","4","","Yes","iPhone","1","","Yes, most of them","I did the throwing out thing, but didn't talk to everyone about it","Even","Tuesday","1","0","0","0","1","0","0","0","0","0","0","0","0","0","0","0","0","0","0","0","1","0","0","0","0","0","0"
"5092","Salmon","Blue and black","Yes, constantly","Dinosaur ","Chocolate","Right-handed","Yes, and I have","Cooler","1","James Franco","No","iPhone","1","Lakers","Yes, one or two","Yes","Odd","Thursday","0","0","0","0","0","0","0","0","0","0","1","0","0","1","0","1","1","1","1","0","1","1","0","0","1","0","0"
"2499","Chocolate","Blue and black","I'm not sure what things you mean","Cat","Vanilla","Right-handed","Yes, and I have","Warmer","88","Timothee Chalamet","Yes","iPhone","2","","No","Yes","Odd","Thursday","0","1","1","0","0","0","0","0","1","1","1","0","1","1","1","0","0","0","0","0","0","0","0","0","0","0","0"
